email_id,actual_label,predicted_label,spam_score,correct
E2969,ham,ham,0.0047,yes
E2194,ham,ham,0.0040,yes
E4754,spam,spam,1.0000,yes
E3443,ham,ham,0.0009,yes
E1668,ham,ham,0.0000,yes
E4096,ham,ham,0.0000,yes
E4729,ham,ham,0.0000,yes
E2179,ham,ham,0.0036,yes
E4934,ham,ham,0.0000,yes
E2733,ham,ham,0.0004,yes
E303,ham,ham,0.0000,yes
E4744,ham,ham,0.0000,yes
E658,ham,ham,0.0011,yes
E2860,ham,ham,0.0007,yes
E1800,ham,ham,0.0014,yes
E5406,ham,ham,0.0000,yes
E1659,ham,ham,0.0002,yes
E4233,ham,ham,0.0130,yes
E3852,ham,ham,0.0154,yes
E4488,ham,ham,0.0121,yes
E316,ham,ham,0.0000,yes
E1947,ham,ham,0.0000,yes
E5572,ham,ham,0.0001,yes
E4137,ham,ham,0.0460,yes
E558,ham,ham,0.0331,yes
E1243,ham,ham,0.0357,yes
E381,ham,ham,0.0259,yes
E4610,ham,ham,0.4749,yes
E5240,ham,spam,0.9934,no
E5444,ham,ham,0.0872,yes
E2348,ham,ham,0.0014,yes
E5387,ham,ham,0.0000,yes
E326,ham,ham,0.0000,yes
E3764,ham,ham,0.0000,yes
E2915,ham,ham,0.0003,yes
E920,ham,ham,0.0000,yes
E999,ham,ham,0.0000,yes
E1906,spam,spam,1.0000,yes
E2389,ham,ham,0.1775,yes
E1140,ham,ham,0.0012,yes
E5171,ham,ham,0.1902,yes
E4151,spam,spam,1.0000,yes
E868,spam,spam,1.0000,yes
E1273,ham,ham,0.0000,yes
E3483,ham,ham,0.0645,yes
E2382,ham,ham,0.0000,yes
E2042,ham,ham,0.0009,yes
E3537,ham,ham,0.0031,yes
E2835,ham,ham,0.1117,yes
E741,ham,ham,0.0266,yes
E2603,ham,ham,0.0000,yes
E1580,ham,ham,0.0000,yes
E5308,ham,ham,0.0000,yes
E3188,ham,ham,0.0001,yes
E2135,spam,spam,1.0000,yes
E4208,spam,spam,1.0000,yes
E476,spam,spam,1.0000,yes
E2210,ham,ham,0.0000,yes
E5339,ham,ham,0.0000,yes
E4644,ham,ham,0.0153,yes
E5338,ham,spam,0.6259,no
E77,ham,spam,0.6281,no
E210,ham,ham,0.4812,yes
E3664,ham,ham,0.0032,yes
E4468,ham,ham,0.0772,yes
E3983,spam,spam,0.6412,yes
E4735,ham,ham,0.0000,yes
E4482,ham,ham,0.4071,yes
E5178,ham,ham,0.2433,yes
E2032,ham,ham,0.0000,yes
E1286,ham,ham,0.0026,yes
E792,ham,ham,0.0000,yes
E357,ham,ham,0.0000,yes
E3273,ham,ham,0.0000,yes
E4509,ham,ham,0.0091,yes
E2422,spam,spam,1.0000,yes
E3759,ham,ham,0.0000,yes
E551,ham,ham,0.0000,yes
E2866,ham,ham,0.0000,yes
E2397,ham,ham,0.0000,yes
E3631,ham,ham,0.0000,yes
E2161,ham,ham,0.0000,yes
E1787,ham,ham,0.0000,yes
E4767,ham,spam,0.6338,no
E820,ham,ham,0.0547,yes
E4900,ham,ham,0.0001,yes
E2496,ham,ham,0.0042,yes
E5277,ham,ham,0.0017,yes
E255,ham,ham,0.0045,yes
E2082,ham,ham,0.0014,yes
E3284,ham,ham,0.0000,yes
E453,ham,ham,0.1465,yes
E4205,ham,ham,0.0000,yes
E3166,spam,spam,1.0000,yes
E2004,ham,ham,0.0449,yes
E1657,ham,ham,0.0000,yes
E3195,ham,ham,0.0001,yes
E5476,ham,ham,0.0000,yes
E775,ham,ham,0.0158,yes
E813,ham,ham,0.0000,yes
E3123,ham,ham,0.0022,yes
E1709,ham,ham,0.0000,yes
E1937,ham,ham,0.0000,yes
E5109,ham,ham,0.0000,yes
E64,ham,ham,0.0384,yes
E1505,ham,ham,0.0000,yes
E1628,ham,ham,0.0000,yes
E1334,ham,ham,0.0000,yes
E1957,ham,ham,0.0000,yes
E1107,spam,spam,1.0000,yes
E4587,ham,ham,0.0002,yes
E1823,ham,ham,0.0000,yes
E1302,ham,ham,0.0002,yes
E2239,ham,ham,0.0000,yes
E2667,ham,ham,0.1601,yes
E3261,ham,ham,0.0000,yes
E2576,spam,spam,1.0000,yes
E4857,ham,ham,0.0050,yes
E1162,ham,ham,0.0086,yes
E992,ham,ham,0.0004,yes
E5074,ham,ham,0.0121,yes
E627,ham,ham,0.0003,yes
E1622,ham,ham,0.0420,yes
E5516,ham,ham,0.0010,yes
E5520,ham,ham,0.0000,yes
E1301,ham,ham,0.3166,yes
E5342,ham,ham,0.0305,yes
E1866,ham,ham,0.0003,yes
E3238,ham,ham,0.0177,yes
E1255,ham,ham,0.0000,yes
E946,ham,ham,0.0001,yes
E4740,ham,ham,0.0000,yes
E2896,ham,ham,0.0000,yes
E4261,ham,ham,0.0137,yes
E56,spam,spam,0.9995,yes
E5144,ham,ham,0.0001,yes
E3484,ham,ham,0.0587,yes
E4658,ham,ham,0.0006,yes
E1526,ham,ham,0.0000,yes
E4789,ham,ham,0.0048,yes
E1198,spam,spam,0.9956,yes
E4864,ham,spam,0.9590,no
E2874,ham,ham,0.0000,yes
E2,ham,ham,0.0000,yes
E3045,ham,ham,0.0000,yes
E3987,ham,ham,0.0000,yes
E1902,ham,ham,0.0001,yes
E1572,ham,ham,0.0003,yes
E593,spam,spam,1.0000,yes
E3178,spam,spam,1.0000,yes
E2447,ham,ham,0.0000,yes
E736,ham,ham,0.0000,yes
E4539,ham,ham,0.0000,yes
E1157,ham,ham,0.0012,yes
E948,ham,ham,0.0023,yes
E336,ham,ham,0.2279,yes
E3768,spam,spam,1.0000,yes
E5081,spam,spam,1.0000,yes
E2064,ham,ham,0.0000,yes
E1723,ham,ham,0.0004,yes
E553,ham,ham,0.0000,yes
E1762,ham,ham,0.0000,yes
E4361,spam,spam,1.0000,yes
E4134,ham,ham,0.0000,yes
E3986,ham,ham,0.0003,yes
E760,ham,ham,0.0000,yes
E1733,ham,ham,0.0000,yes
E301,ham,ham,0.0001,yes
E3940,ham,ham,0.0000,yes
E1969,ham,ham,0.0004,yes
E2226,spam,spam,1.0000,yes
E3809,spam,spam,1.0000,yes
E2891,ham,ham,0.0081,yes
E4981,ham,spam,0.9223,no
E584,ham,ham,0.0000,yes
E1142,ham,ham,0.0000,yes
E4008,ham,spam,0.6102,no
E12,ham,ham,0.0000,yes
E2334,ham,ham,0.0004,yes
E89,ham,ham,0.0000,yes
E523,ham,ham,0.0261,yes
E3365,ham,ham,0.2351,yes
E1105,ham,ham,0.0003,yes
E5189,ham,ham,0.0021,yes
E4922,ham,ham,0.0002,yes
E2609,ham,ham,0.1213,yes
E2272,ham,ham,0.0014,yes
E2807,ham,ham,0.0058,yes
E1790,ham,ham,0.0004,yes
E1171,ham,ham,0.0000,yes
E2010,ham,ham,0.0069,yes
E5408,ham,ham,0.0000,yes
E1980,spam,spam,1.0000,yes
E4302,ham,ham,0.0000,yes
E3794,spam,spam,1.0000,yes
E4348,ham,ham,0.0047,yes
E4140,ham,ham,0.0000,yes
E1697,ham,ham,0.0000,yes
E2020,ham,ham,0.0000,yes
E431,ham,ham,0.0000,yes
E2018,ham,ham,0.0000,yes
E3980,spam,spam,1.0000,yes
E3496,ham,ham,0.0081,yes
E3317,ham,ham,0.0082,yes
E541,ham,ham,0.0000,yes
E1544,ham,ham,0.0180,yes
E2553,ham,ham,0.0002,yes
E4556,ham,ham,0.0000,yes
E3954,ham,ham,0.0000,yes
E3272,ham,spam,0.6704,no
E46,ham,ham,0.0000,yes
E1002,ham,ham,0.0001,yes
E2535,ham,ham,0.0005,yes
E1853,ham,ham,0.0000,yes
E2703,ham,ham,0.0000,yes
E1742,ham,ham,0.0108,yes
E4148,ham,ham,0.0002,yes
E1771,ham,ham,0.0001,yes
E832,ham,ham,0.0000,yes
E3803,spam,spam,1.0000,yes
E67,spam,spam,1.0000,yes
E2074,ham,ham,0.0000,yes
E1911,ham,ham,0.0000,yes
E1429,ham,ham,0.0081,yes
E5196,ham,ham,0.0000,yes
E5303,ham,ham,0.0000,yes
E3332,ham,ham,0.0214,yes
E226,ham,ham,0.0000,yes
E3632,ham,ham,0.0978,yes
E2114,ham,ham,0.0000,yes
E1631,ham,ham,0.0000,yes
E5366,ham,ham,0.0000,yes
E312,ham,ham,0.0923,yes
E878,spam,spam,1.0000,yes
E5531,ham,ham,0.0111,yes
E2493,ham,ham,0.0000,yes
E3158,ham,ham,0.0081,yes
E1770,ham,ham,0.0038,yes
E2675,ham,ham,0.0315,yes
E1727,ham,ham,0.0001,yes
E4865,spam,spam,1.0000,yes
E5183,ham,ham,0.0000,yes
E2265,ham,ham,0.0000,yes
E4226,ham,ham,0.0398,yes
E3676,ham,ham,0.0070,yes
E1630,spam,spam,1.0000,yes
E2255,ham,ham,0.0002,yes
E987,ham,ham,0.0077,yes
E1861,ham,ham,0.0163,yes
E3641,spam,spam,1.0000,yes
E4345,ham,ham,0.0000,yes
E3609,ham,ham,0.0001,yes
E719,spam,spam,1.0000,yes
E3252,ham,ham,0.0085,yes
E3989,ham,ham,0.0000,yes
E1600,spam,spam,1.0000,yes
E1019,spam,spam,1.0000,yes
E5301,ham,ham,0.0000,yes
E3610,ham,ham,0.0349,yes
E2566,ham,ham,0.0009,yes
E5250,ham,ham,0.0000,yes
E927,ham,ham,0.2647,yes
E2627,ham,ham,0.0000,yes
E1213,ham,ham,0.0397,yes
E4434,ham,ham,0.0112,yes
E2633,ham,ham,0.0002,yes
E5318,spam,spam,1.0000,yes
E252,spam,spam,1.0000,yes
E4837,ham,ham,0.0039,yes
E4958,ham,ham,0.0000,yes
E2350,ham,ham,0.0022,yes
E5261,ham,ham,0.0000,yes
E4589,spam,spam,1.0000,yes
E3407,ham,ham,0.0000,yes
E1636,ham,ham,0.0003,yes
E1228,ham,ham,0.0004,yes
E2354,spam,spam,1.0000,yes
E4980,ham,ham,0.0000,yes
E5021,ham,ham,0.0000,yes
E5015,ham,ham,0.0002,yes
E1068,ham,ham,0.0043,yes
E5128,ham,ham,0.0000,yes
E2123,ham,ham,0.0001,yes
E2429,spam,spam,1.0000,yes
E518,ham,ham,0.3028,yes
E3104,ham,ham,0.1171,yes
E1080,ham,ham,0.0102,yes
E1266,ham,ham,0.0001,yes
E4217,ham,ham,0.0000,yes
E822,ham,ham,0.0000,yes
E5333,ham,ham,0.0030,yes
E2946,ham,ham,0.1775,yes
E1684,ham,ham,0.0178,yes
E4166,ham,ham,0.0001,yes
E3438,ham,spam,0.8847,no
E509,ham,ham,0.0002,yes
E2469,ham,ham,0.0467,yes
E2368,ham,ham,0.0055,yes
E136,spam,spam,1.0000,yes
E4056,ham,ham,0.0101,yes
E4204,ham,ham,0.0002,yes
E905,ham,ham,0.0000,yes
E1343,ham,ham,0.0108,yes
E1258,ham,ham,0.0004,yes
E5034,ham,ham,0.0008,yes
E4576,spam,spam,1.0000,yes
E3289,ham,ham,0.0000,yes
E3093,ham,ham,0.0000,yes
E4599,ham,ham,0.0000,yes
E971,ham,ham,0.0554,yes
E5209,spam,spam,1.0000,yes
E1167,ham,ham,0.0003,yes
E4669,ham,ham,0.0324,yes
E1708,ham,ham,0.0057,yes
E1681,ham,ham,0.0000,yes
E3403,spam,spam,1.0000,yes
E3596,ham,ham,0.0000,yes
E1867,ham,ham,0.0027,yes
E3078,ham,ham,0.0230,yes
E715,spam,spam,0.9997,yes
E3893,spam,spam,1.0000,yes
E5259,ham,ham,0.0002,yes
E1951,ham,ham,0.0001,yes
E2947,spam,spam,1.0000,yes
E5241,spam,spam,1.0000,yes
E1946,ham,ham,0.0000,yes
E1851,ham,ham,0.0000,yes
E4684,ham,ham,0.0050,yes
E1502,spam,spam,1.0000,yes
E3512,ham,ham,0.0000,yes
E223,ham,ham,0.0001,yes
E2243,ham,ham,0.0192,yes
E3729,ham,ham,0.0004,yes
E3875,ham,ham,0.0000,yes
E2921,ham,ham,0.0002,yes
E3506,ham,ham,0.0356,yes
E578,spam,spam,1.0000,yes
E4145,ham,ham,0.0032,yes
E2470,ham,ham,0.0000,yes
E4838,ham,ham,0.0000,yes
E4088,spam,spam,1.0000,yes
E4626,ham,ham,0.0001,yes
E2765,ham,ham,0.0033,yes
E4430,ham,ham,0.0006,yes
E3015,ham,ham,0.0000,yes
E2427,ham,ham,0.0000,yes
E2200,ham,ham,0.0023,yes
E3527,ham,ham,0.0000,yes
E5362,ham,ham,0.0000,yes
E3791,spam,spam,1.0000,yes
E755,ham,ham,0.0727,yes
E3292,spam,spam,1.0000,yes
E1335,ham,ham,0.0000,yes
E1032,ham,ham,0.0001,yes
E95,spam,spam,1.0000,yes
E4694,ham,ham,0.0007,yes
E1125,ham,ham,0.0000,yes
E918,ham,ham,0.0001,yes
E5177,ham,ham,0.4588,yes
E5335,ham,ham,0.2308,yes
E2591,ham,ham,0.0000,yes
E2271,spam,spam,0.9883,yes
E3400,ham,ham,0.0120,yes
E2475,spam,spam,1.0000,yes
E4772,ham,ham,0.0000,yes
E4470,ham,ham,0.0000,yes
E2900,ham,ham,0.0030,yes
E718,ham,ham,0.0001,yes
E69,spam,spam,1.0000,yes
E2463,ham,ham,0.0030,yes
E3614,ham,ham,0.0004,yes
E1333,ham,ham,0.0000,yes
E1903,ham,ham,0.0024,yes
E3993,spam,spam,0.9995,yes
E3428,ham,ham,0.0361,yes
E873,ham,ham,0.0076,yes
E188,ham,ham,0.0000,yes
E5026,ham,ham,0.0000,yes
E1978,ham,ham,0.0011,yes
E2749,ham,ham,0.0001,yes
E1210,ham,ham,0.0139,yes
E385,ham,ham,0.0000,yes
E4238,spam,spam,1.0000,yes
E2608,ham,ham,0.0093,yes
E20,ham,ham,0.0000,yes
E1173,ham,ham,0.0000,yes
E1559,ham,ham,0.0000,yes
E2405,ham,ham,0.0000,yes
E2574,ham,ham,0.0000,yes
E3519,ham,ham,0.0000,yes
E3758,ham,ham,0.0036,yes
E2294,ham,ham,0.1225,yes
E5048,ham,spam,0.9826,no
E4022,spam,spam,1.0000,yes
E1491,ham,ham,0.0308,yes
E2930,ham,ham,0.0192,yes
E1965,spam,spam,1.0000,yes
E4249,ham,ham,0.0006,yes
E1051,ham,ham,0.0000,yes
E2725,ham,ham,0.0006,yes
E1377,spam,spam,1.0000,yes
E2400,ham,ham,0.0709,yes
E474,ham,ham,0.0000,yes
E1635,ham,ham,0.0000,yes
E975,ham,ham,0.0000,yes
E5181,ham,ham,0.0000,yes
E1958,ham,ham,0.0000,yes
E761,ham,ham,0.0121,yes
E3164,ham,ham,0.0004,yes
E2929,ham,ham,0.0058,yes
E1781,ham,ham,0.0000,yes
E5155,ham,ham,0.0000,yes
E4021,ham,spam,0.5733,no
E1158,ham,ham,0.0000,yes
E171,ham,ham,0.0052,yes
E3607,ham,ham,0.0000,yes
E4753,ham,ham,0.0000,yes
E3585,ham,ham,0.0005,yes
E1319,ham,ham,0.0000,yes
E525,ham,ham,0.0071,yes
E3840,ham,ham,0.0035,yes
E3319,ham,ham,0.0000,yes
E772,ham,ham,0.0000,yes
E2080,ham,ham,0.0000,yes
E339,ham,ham,0.0005,yes
E2290,ham,ham,0.0000,yes
E2732,spam,spam,1.0000,yes
E5402,ham,ham,0.0000,yes
E294,ham,ham,0.0000,yes
E3572,ham,ham,0.0065,yes
E1318,ham,ham,0.0000,yes
E984,ham,ham,0.0043,yes
E4183,ham,ham,0.0000,yes
E2092,ham,ham,0.0000,yes
E949,spam,spam,1.0000,yes
E704,ham,ham,0.0000,yes
E3761,ham,ham,0.0000,yes
E5160,ham,ham,0.0004,yes
E2273,ham,ham,0.0469,yes
E3933,ham,ham,0.0000,yes
E955,ham,ham,0.0000,yes
E522,ham,ham,0.0061,yes
E4755,ham,ham,0.0000,yes
E4038,spam,spam,1.0000,yes
E1646,ham,ham,0.4910,yes
E1069,ham,ham,0.1150,yes
E5392,ham,ham,0.0001,yes
E3842,ham,ham,0.0000,yes
E3536,ham,ham,0.0000,yes
E4428,ham,ham,0.0010,yes
E4479,ham,ham,0.0001,yes
E4282,spam,spam,1.0000,yes
E3027,ham,ham,0.0000,yes
E2579,ham,ham,0.0000,yes
E4870,ham,ham,0.0012,yes
E4704,ham,spam,0.8049,no
E2927,ham,ham,0.0006,yes
E2598,spam,spam,1.0000,yes
E2888,ham,ham,0.0001,yes
E288,ham,ham,0.0000,yes
E1495,ham,ham,0.0000,yes
E4683,ham,ham,0.0000,yes
E3354,ham,ham,0.0016,yes
E1037,ham,spam,0.7137,no
E3748,ham,ham,0.0000,yes
E1061,ham,ham,0.0003,yes
E1667,ham,ham,0.0790,yes
E5356,ham,ham,0.0000,yes
E2061,ham,ham,0.0032,yes
E5276,ham,ham,0.0000,yes
E993,ham,spam,0.6313,no
E4277,ham,ham,0.0044,yes
E4728,ham,ham,0.0000,yes
E4592,ham,ham,0.0000,yes
E4812,ham,ham,0.0000,yes
E3081,ham,ham,0.0034,yes
E4790,ham,ham,0.0000,yes
E782,ham,ham,0.0030,yes
E3447,ham,ham,0.0001,yes
E1764,ham,ham,0.0000,yes
E2599,ham,ham,0.0000,yes
E5096,ham,ham,0.0000,yes
E3006,ham,ham,0.0174,yes
E2951,ham,ham,0.0000,yes
E2632,ham,ham,0.0004,yes
E808,ham,spam,0.7902,no
E3900,ham,ham,0.0014,yes
E2343,ham,ham,0.0025,yes
E4825,spam,spam,1.0000,yes
E1008,ham,ham,0.0007,yes
E1030,ham,ham,0.0009,yes
E1415,ham,ham,0.0000,yes
E580,ham,ham,0.0013,yes
E4743,ham,ham,0.0000,yes
E340,ham,ham,0.0019,yes
E924,ham,ham,0.0001,yes
E2809,ham,ham,0.1338,yes
E4229,ham,ham,0.0000,yes
E3172,ham,ham,0.0000,yes
E4502,spam,spam,1.0000,yes
E4313,spam,spam,1.0000,yes
E1512,ham,ham,0.0000,yes
E4901,ham,ham,0.0001,yes
E4546,ham,ham,0.0012,yes
E2802,ham,ham,0.0003,yes
E2431,ham,ham,0.1570,yes
E5573,ham,ham,0.0937,yes
E2719,ham,ham,0.0000,yes
E2046,spam,spam,1.0000,yes
E4676,ham,ham,0.0000,yes
E2834,ham,ham,0.0037,yes
E630,ham,ham,0.0000,yes
E2596,ham,ham,0.0000,yes
E2132,ham,ham,0.0007,yes
E1422,ham,ham,0.0000,yes
E5247,ham,ham,0.0000,yes
E4152,ham,ham,0.0000,yes
E4622,ham,ham,0.0000,yes
E5106,spam,spam,1.0000,yes
E3525,ham,ham,0.0000,yes
E1063,ham,ham,0.0097,yes
E4538,ham,ham,0.0001,yes
E5284,ham,ham,0.0000,yes
E510,ham,ham,0.0000,yes
E3358,ham,ham,0.0392,yes
E2192,ham,ham,0.0000,yes
E2731,spam,spam,1.0000,yes
E1840,ham,ham,0.0979,yes
E1981,ham,ham,0.0002,yes
E4115,ham,ham,0.0001,yes
E3397,ham,ham,0.0000,yes
E3816,ham,ham,0.0001,yes
E548,ham,ham,0.2123,yes
E3593,ham,ham,0.0002,yes
E2977,ham,ham,0.0001,yes
E887,ham,ham,0.0001,yes
E3472,ham,ham,0.0001,yes
E3049,ham,ham,0.0408,yes
E5245,ham,ham,0.0384,yes
E650,spam,spam,1.0000,yes
E2991,ham,ham,0.0431,yes
E4012,ham,ham,0.0000,yes
E3711,spam,spam,1.0000,yes
E4159,ham,ham,0.0003,yes
E4215,spam,spam,0.7738,yes
E2153,ham,ham,0.0736,yes
E3634,ham,ham,0.0159,yes
E694,ham,ham,0.0000,yes
E1254,spam,spam,0.9777,yes
E3024,ham,ham,0.0011,yes
E3357,ham,ham,0.0000,yes
E1325,ham,ham,0.0002,yes
E2669,ham,ham,0.0000,yes
E2678,ham,ham,0.0011,yes
E389,ham,ham,0.3421,yes
E1712,ham,ham,0.0000,yes
E4307,ham,ham,0.0006,yes
E5378,ham,ham,0.0180,yes
E360,spam,spam,1.0000,yes
E3733,ham,ham,0.0001,yes
E616,ham,ham,0.0000,yes
E4439,ham,ham,0.0000,yes
E3468,ham,ham,0.0000,yes
E1529,ham,ham,0.0000,yes
E4824,ham,ham,0.0011,yes
E3818,ham,ham,0.0000,yes
E1878,spam,spam,1.0000,yes
E5175,ham,ham,0.0001,yes
E1516,ham,ham,0.0145,yes
E637,spam,spam,1.0000,yes
E2454,ham,spam,0.9965,no
E2887,ham,ham,0.0016,yes
E3823,ham,ham,0.0000,yes
E2306,ham,ham,0.0000,yes
E1441,ham,ham,0.0017,yes
E3760,spam,spam,0.9998,yes
E3560,ham,ham,0.0085,yes
E5022,ham,ham,0.0024,yes
E3919,ham,ham,0.0081,yes
E606,ham,ham,0.0001,yes
E1262,ham,spam,0.9826,no
E2353,ham,ham,0.0038,yes
E3224,spam,spam,1.0000,yes
E1827,ham,ham,0.0026,yes
E585,spam,spam,1.0000,yes
E583,ham,ham,0.0000,yes
E1507,ham,ham,0.0000,yes
E1907,ham,ham,0.0000,yes
E1239,ham,ham,0.0016,yes
E3981,ham,ham,0.0214,yes
E2560,spam,spam,0.9829,yes
E4564,ham,ham,0.0000,yes
E5461,ham,ham,0.0569,yes
E2111,spam,spam,1.0000,yes
E799,spam,spam,1.0000,yes
E1588,ham,ham,0.0000,yes
E4440,ham,ham,0.0002,yes
E3722,spam,spam,1.0000,yes
E5526,ham,ham,0.0005,yes
E3418,ham,ham,0.1601,yes
E332,ham,ham,0.0001,yes
E941,spam,spam,1.0000,yes
E2351,ham,ham,0.1002,yes
E842,spam,spam,1.0000,yes
E5088,ham,ham,0.0001,yes
E965,ham,ham,0.0000,yes
E5344,ham,ham,0.0081,yes
E3888,ham,ham,0.0585,yes
E5014,spam,spam,1.0000,yes
E691,ham,ham,0.0000,yes
E1359,ham,ham,0.0005,yes
E2904,spam,spam,1.0000,yes
E2030,ham,ham,0.0005,yes
E291,ham,ham,0.0000,yes
E4899,ham,ham,0.0088,yes
E4384,ham,spam,0.7531,no
E922,ham,ham,0.0002,yes
E27,ham,ham,0.0000,yes
E4247,ham,ham,0.0000,yes
E762,ham,ham,0.1296,yes
E481,ham,ham,0.0005,yes
E3923,spam,spam,1.0000,yes
E3476,ham,ham,0.0005,yes
E1244,ham,ham,0.0059,yes
E1471,spam,spam,0.9993,yes
E5566,ham,ham,0.0000,yes
E4986,ham,ham,0.0699,yes
E3655,ham,ham,0.0000,yes
E251,ham,ham,0.0000,yes
E3978,ham,ham,0.0001,yes
E1564,ham,ham,0.0012,yes
E717,ham,ham,0.0000,yes
E2514,ham,ham,0.0022,yes
E3783,ham,ham,0.2889,yes
E4653,ham,ham,0.0001,yes
E5446,ham,ham,0.0000,yes
E1474,ham,ham,0.0002,yes
E2102,spam,spam,1.0000,yes
E3180,ham,ham,0.0022,yes
E3295,ham,ham,0.0000,yes
E4383,ham,ham,0.0000,yes
E2381,ham,ham,0.0243,yes
E4103,ham,ham,0.0013,yes
E5102,spam,spam,1.0000,yes
E1615,spam,spam,1.0000,yes
E1663,ham,ham,0.0207,yes
E3546,ham,ham,0.0063,yes
E4455,ham,ham,0.0001,yes
E4975,ham,ham,0.0000,yes
E68,ham,ham,0.0667,yes
E555,ham,ham,0.0135,yes
E1072,ham,ham,0.0001,yes
E1088,ham,ham,0.0000,yes
E2730,ham,ham,0.0008,yes
E2617,ham,ham,0.0000,yes
E5132,ham,ham,0.0472,yes
E4350,spam,spam,1.0000,yes
E5275,ham,ham,0.0001,yes
E4050,spam,spam,1.0000,yes
E4188,ham,ham,0.0363,yes
E1560,ham,ham,0.0001,yes
E4761,spam,spam,1.0000,yes
E2914,ham,ham,0.0000,yes
E4363,ham,ham,0.0000,yes
E4356,ham,ham,0.0000,yes
E2307,ham,ham,0.0000,yes
E391,spam,spam,1.0000,yes
E4522,ham,ham,0.0000,yes
E4570,ham,ham,0.0047,yes
E1099,spam,spam,1.0000,yes
E1312,ham,ham,0.0002,yes
E2578,ham,ham,0.0006,yes
E3973,ham,ham,0.0000,yes
E25,ham,ham,0.0000,yes
E4765,ham,ham,0.0040,yes
E1437,ham,ham,0.0000,yes
E473,spam,spam,1.0000,yes
E2948,ham,ham,0.0000,yes
E4773,ham,ham,0.0000,yes
E2380,spam,spam,0.9998,yes
E1232,ham,ham,0.0000,yes
E5003,ham,ham,0.0002,yes
E3801,ham,ham,0.0000,yes
E4330,ham,ham,0.0089,yes
E4590,ham,ham,0.0000,yes
E4086,ham,ham,0.0000,yes
E4847,spam,spam,1.0000,yes
E1297,ham,ham,0.0000,yes
E2318,ham,ham,0.0053,yes
E3226,ham,ham,0.0002,yes
E2787,ham,ham,0.0013,yes
E3456,ham,spam,0.9241,no
E3309,ham,ham,0.0002,yes
E517,spam,spam,1.0000,yes
E3880,ham,ham,0.0003,yes
E2955,ham,ham,0.0042,yes
E830,ham,ham,0.0002,yes
E2618,ham,ham,0.0001,yes
E1390,ham,ham,0.0000,yes
E4615,ham,ham,0.0000,yes
E331,ham,ham,0.0069,yes
E1093,spam,spam,1.0000,yes
E3311,ham,ham,0.0000,yes
E2824,ham,ham,0.0001,yes
E61,ham,ham,0.1737,yes
E3113,spam,spam,0.9992,yes
E2403,ham,ham,0.0675,yes
E4770,spam,spam,1.0000,yes
E2987,ham,ham,0.0000,yes
E4924,ham,ham,0.0000,yes
E810,ham,ham,0.0005,yes
E2616,ham,ham,0.0551,yes
E3310,ham,ham,0.0000,yes
E3590,ham,ham,0.0007,yes
E3944,spam,spam,0.9994,yes
E3653,ham,ham,0.0004,yes
E5216,ham,ham,0.1364,yes
E1935,ham,ham,0.0010,yes
E5151,spam,spam,1.0000,yes
E4677,ham,ham,0.0036,yes
E1943,ham,ham,0.0000,yes
E3886,ham,ham,0.0000,yes
E1295,ham,ham,0.0000,yes
E767,ham,ham,0.0000,yes
E923,ham,ham,0.0122,yes
E230,ham,spam,0.5324,no
E2169,ham,ham,0.0012,yes
E5273,spam,spam,1.0000,yes
E521,ham,ham,0.0000,yes
E3918,ham,ham,0.0000,yes
E5115,ham,ham,0.0001,yes
E682,ham,ham,0.0000,yes
E5391,ham,ham,0.0000,yes
E953,ham,ham,0.0000,yes
E4393,ham,ham,0.0000,yes
E5447,spam,spam,1.0000,yes
E783,ham,spam,0.9934,no
E3205,ham,ham,0.0000,yes
E2510,ham,ham,0.0090,yes
E567,ham,ham,0.0000,yes
E114,ham,ham,0.0013,yes
E2428,ham,ham,0.0000,yes
E4830,ham,ham,0.0000,yes
E3630,ham,ham,0.0030,yes
E526,ham,ham,0.3140,yes
E4497,ham,ham,0.0000,yes
E615,ham,ham,0.0478,yes
E3091,ham,ham,0.1208,yes
E933,ham,ham,0.0000,yes
E5403,ham,ham,0.1185,yes
E221,ham,ham,0.0081,yes
E1535,ham,ham,0.0000,yes
E5117,ham,ham,0.0106,yes
E2688,spam,spam,1.0000,yes
E1449,ham,ham,0.0000,yes
E1509,spam,spam,0.8394,yes
E962,ham,ham,0.1338,yes
E2893,ham,ham,0.0005,yes
E1970,ham,ham,0.0004,yes
E2450,ham,ham,0.0000,yes
E3905,ham,ham,0.0002,yes
E4947,ham,ham,0.0000,yes
E5176,ham,ham,0.0001,yes
E1702,ham,ham,0.0081,yes
E1400,ham,ham,0.0000,yes
E4107,ham,ham,0.0062,yes
E2133,ham,ham,0.0004,yes
E2754,ham,ham,0.0291,yes
E248,ham,ham,0.0000,yes
E1109,ham,ham,0.0000,yes
E5091,ham,ham,0.0000,yes
E73,ham,ham,0.0011,yes
E399,ham,ham,0.0000,yes
E197,ham,ham,0.0000,yes
E4600,ham,ham,0.0019,yes
E1455,ham,ham,0.0001,yes
E1595,ham,ham,0.0004,yes
E3800,ham,ham,0.0000,yes
E581,spam,spam,1.0000,yes
E4897,ham,ham,0.0069,yes
E1434,ham,ham,0.0000,yes
E1700,ham,ham,0.0000,yes
E3111,ham,ham,0.0000,yes
E3666,ham,ham,0.0013,yes
E2919,ham,ham,0.0005,yes
E1387,ham,ham,0.0000,yes
E5321,ham,ham,0.0000,yes
E3134,spam,spam,0.9999,yes
E4070,spam,spam,1.0000,yes
E1519,ham,ham,0.0000,yes
E1864,ham,ham,0.0001,yes
E3822,ham,ham,0.0000,yes
E538,ham,ham,0.0000,yes
E3608,ham,ham,0.0575,yes
E4298,spam,spam,1.0000,yes
E3417,ham,ham,0.3100,yes
E3135,ham,ham,0.0203,yes
E3202,ham,ham,0.0002,yes
E4319,ham,ham,0.0014,yes
E2075,ham,ham,0.2556,yes
E4456,ham,ham,0.0000,yes
E3327,ham,ham,0.0000,yes
E834,ham,ham,0.0000,yes
E3699,ham,ham,0.0100,yes
E516,ham,ham,0.0058,yes
E1661,spam,spam,1.0000,yes
E2195,ham,ham,0.0000,yes
E278,ham,ham,0.0124,yes
E4657,ham,ham,0.0000,yes
E5190,ham,ham,0.0349,yes
E2542,ham,ham,0.0168,yes
E5243,ham,ham,0.0003,yes
E2278,ham,ham,0.4198,yes
E896,ham,ham,0.0000,yes
E3098,ham,ham,0.0000,yes
E2538,ham,ham,0.0000,yes
E3000,ham,ham,0.0004,yes
E2540,ham,ham,0.0003,yes
E3926,ham,ham,0.0000,yes
E3318,spam,spam,1.0000,yes
E2072,spam,spam,1.0000,yes
E979,ham,ham,0.0022,yes
E311,spam,spam,1.0000,yes
E1887,ham,ham,0.0008,yes
E4061,ham,ham,0.0030,yes
E4701,ham,ham,0.0000,yes
E3766,ham,ham,0.0000,yes
E3821,spam,spam,1.0000,yes
E749,ham,ham,0.0001,yes
E1077,ham,ham,0.0004,yes
E3999,ham,ham,0.0000,yes
E3142,ham,ham,0.0621,yes
E3832,ham,ham,0.0000,yes
E466,ham,ham,0.0000,yes
E1463,ham,spam,0.9687,no
E2691,ham,ham,0.0829,yes
E3912,ham,ham,0.0550,yes
E4625,ham,ham,0.1458,yes
E4881,spam,spam,1.0000,yes
E1960,ham,ham,0.0000,yes
E4713,ham,ham,0.0000,yes
E5000,ham,ham,0.0006,yes
E771,ham,ham,0.0001,yes
E4933,spam,spam,0.9759,yes
E2790,ham,ham,0.0001,yes
E1563,ham,ham,0.0008,yes
E2710,spam,spam,1.0000,yes
E2980,ham,ham,0.0038,yes
E4058,ham,ham,0.0000,yes
E5512,ham,ham,0.0000,yes
E508,ham,ham,0.0000,yes
E825,spam,spam,1.0000,yes
E1378,ham,ham,0.0203,yes
E5052,ham,ham,0.0000,yes
E679,ham,ham,0.0000,yes
E5480,ham,ham,0.0001,yes
E192,ham,ham,0.0000,yes
E2676,ham,ham,0.0000,yes
E2091,spam,spam,1.0000,yes
E4296,ham,ham,0.0000,yes
E3490,ham,ham,0.0084,yes
E2740,ham,spam,0.6385,no
E4417,ham,ham,0.0000,yes
E1522,ham,ham,0.1054,yes
E19,ham,ham,0.0007,yes
E3834,ham,ham,0.0000,yes
E4732,ham,ham,0.0010,yes
E564,ham,ham,0.0063,yes
E2779,ham,ham,0.1051,yes
E462,ham,ham,0.0000,yes
E2413,ham,ham,0.0002,yes
E1131,spam,spam,1.0000,yes
E82,ham,ham,0.0000,yes
E3613,ham,ham,0.0263,yes
E1022,ham,ham,0.0005,yes
E4451,ham,ham,0.0089,yes
E1557,ham,ham,0.0174,yes
E921,ham,ham,0.0000,yes
E3204,ham,ham,0.0000,yes
E2680,ham,ham,0.0013,yes
E4998,ham,ham,0.0002,yes
E3102,ham,ham,0.0055,yes
E1292,ham,spam,0.9922,no
E4722,ham,ham,0.0000,yes
E1111,ham,ham,0.0001,yes
E3110,ham,ham,0.0000,yes
E2546,ham,ham,0.0279,yes
E3130,ham,ham,0.0027,yes
E1193,ham,ham,0.0122,yes
E1354,ham,ham,0.0006,yes
E2792,ham,ham,0.0005,yes
E2172,spam,spam,1.0000,yes
E4957,ham,ham,0.0000,yes
E1126,ham,ham,0.0001,yes
E3366,ham,spam,0.5485,no
E536,ham,ham,0.0007,yes
E884,ham,ham,0.0000,yes
E1464,ham,ham,0.0001,yes
E2647,ham,ham,0.1085,yes
E2146,ham,ham,0.0000,yes
E3233,ham,ham,0.0000,yes
E4855,ham,ham,0.0203,yes
E4192,ham,ham,0.0000,yes
E26,ham,ham,0.0000,yes
E2886,ham,ham,0.0000,yes
E403,spam,spam,1.0000,yes
E647,ham,ham,0.0001,yes
E3416,ham,ham,0.0232,yes
E2162,spam,spam,1.0000,yes
E1208,ham,ham,0.0000,yes
E604,ham,ham,0.0000,yes
E3829,ham,ham,0.0110,yes
E382,ham,ham,0.0001,yes
E2249,spam,ham,0.1603,no
E1085,ham,ham,0.0241,yes
E2575,ham,ham,0.0510,yes
E3679,ham,ham,0.0000,yes
E176,ham,ham,0.0001,yes
E1401,ham,ham,0.0046,yes
E1040,ham,ham,0.0000,yes
E4334,ham,ham,0.0000,yes
E677,ham,ham,0.0000,yes
E2106,ham,ham,0.0004,yes
E5030,spam,spam,1.0000,yes
E3714,ham,ham,0.0000,yes
E3406,ham,ham,0.0000,yes
E4536,spam,spam,1.0000,yes
E3514,ham,ham,0.0520,yes
E266,spam,spam,1.0000,yes
E806,spam,spam,1.0000,yes
E4555,ham,ham,0.1278,yes
E4264,ham,ham,0.0002,yes
E3883,ham,ham,0.0000,yes
E2870,ham,ham,0.0000,yes
E3667,ham,ham,0.0048,yes
E3083,ham,ham,0.0004,yes
E4826,ham,ham,0.1338,yes
E981,ham,ham,0.0000,yes
E4768,ham,ham,0.0028,yes
E3082,ham,ham,0.0000,yes
E2367,ham,ham,0.0000,yes
E2685,ham,ham,0.0022,yes
E1945,ham,ham,0.0000,yes
E2571,ham,ham,0.0000,yes
E425,ham,ham,0.0252,yes
E2414,ham,ham,0.0004,yes
E3266,ham,ham,0.0015,yes
E1242,ham,ham,0.0000,yes
E1995,spam,spam,1.0000,yes
E3451,ham,ham,0.0000,yes
E2284,ham,ham,0.0251,yes
E3867,ham,ham,0.0000,yes
E4679,ham,ham,0.1303,yes
E49,ham,ham,0.0001,yes
E5300,ham,ham,0.0004,yes
E4602,ham,spam,0.7439,no
E4697,ham,ham,0.0000,yes
E1602,ham,ham,0.0000,yes
E4634,ham,ham,0.0000,yes
E1620,ham,spam,0.8128,no
E1922,ham,ham,0.0000,yes
E5542,ham,ham,0.0000,yes
E430,ham,ham,0.0006,yes
E1956,ham,ham,0.0001,yes
E4856,ham,ham,0.0008,yes
E4084,ham,ham,0.0008,yes
E59,ham,ham,0.0000,yes
E3230,ham,ham,0.0001,yes
E1327,ham,ham,0.0162,yes
E3444,spam,spam,1.0000,yes
E2299,spam,spam,1.0000,yes
E588,ham,ham,0.0011,yes
E2054,ham,ham,0.0000,yes
E2406,ham,ham,0.0007,yes
E2134,ham,spam,0.5252,no
E986,ham,ham,0.0001,yes
E4312,ham,ham,0.0000,yes
E4651,ham,ham,0.0000,yes
E1447,ham,ham,0.4071,yes
E4449,ham,ham,0.0203,yes
E2219,ham,ham,0.0000,yes
E2279,ham,ham,0.0001,yes
E1830,ham,ham,0.0001,yes
E4493,ham,ham,0.0000,yes
E3263,ham,ham,0.0109,yes
E2247,ham,ham,0.1027,yes
E773,ham,ham,0.0009,yes
E3652,ham,ham,0.0000,yes
E5203,ham,ham,0.0077,yes
E1183,ham,ham,0.0502,yes
E2079,ham,ham,0.0009,yes
E384,ham,ham,0.0000,yes
E4328,ham,ham,0.0480,yes
E925,ham,ham,0.0500,yes
E3662,ham,ham,0.0000,yes
E2624,ham,ham,0.0000,yes
E5367,ham,ham,0.0455,yes
E1362,ham,ham,0.0000,yes
E3535,ham,ham,0.0000,yes
E5431,spam,spam,0.6369,yes
E3487,ham,ham,0.0000,yes
E4540,ham,ham,0.0771,yes
E4720,ham,ham,0.0000,yes
E2393,ham,ham,0.0000,yes
E497,ham,spam,0.8799,no
E3279,ham,ham,0.0000,yes
E1497,ham,ham,0.0000,yes
E1127,ham,ham,0.0000,yes
E2068,ham,ham,0.0000,yes
E4112,ham,ham,0.0132,yes
E2045,ham,ham,0.0156,yes
E3854,ham,ham,0.1862,yes
E281,ham,ham,0.0003,yes
E763,spam,spam,1.0000,yes
E3346,ham,ham,0.0000,yes
E3085,ham,ham,0.0702,yes
E5078,spam,spam,1.0000,yes
E157,ham,ham,0.0000,yes
E1614,ham,ham,0.4588,yes
E344,ham,ham,0.0000,yes
E1320,spam,spam,1.0000,yes
E4736,ham,ham,0.0000,yes
E4191,ham,ham,0.0000,yes
E2569,ham,ham,0.0028,yes
E1983,ham,ham,0.0000,yes
E1340,ham,ham,0.0010,yes
E888,ham,ham,0.3371,yes
E313,ham,ham,0.0000,yes
E4706,ham,ham,0.0000,yes
E5254,spam,spam,1.0000,yes
E911,ham,spam,0.5336,no
E2547,ham,ham,0.0000,yes
E5484,ham,ham,0.0271,yes
E3473,ham,ham,0.0184,yes
E1186,ham,ham,0.0001,yes
E1846,ham,ham,0.0041,yes
E3612,ham,ham,0.0000,yes
E643,ham,ham,0.0000,yes
E3579,ham,ham,0.0000,yes
E2734,ham,ham,0.0001,yes
E1391,ham,ham,0.0019,yes
E2360,ham,ham,0.0012,yes
E2199,ham,ham,0.0024,yes
E590,ham,ham,0.4035,yes
E926,ham,ham,0.0000,yes
E418,ham,ham,0.0008,yes
E4942,ham,ham,0.0000,yes
E1508,ham,spam,0.8652,no
E5257,ham,ham,0.0038,yes
E2885,ham,ham,0.0626,yes
E621,ham,ham,0.0000,yes
E1778,ham,ham,0.0203,yes
E1136,ham,ham,0.0000,yes
E3384,spam,spam,1.0000,yes
E3948,ham,ham,0.0000,yes
E844,ham,ham,0.0002,yes
E1498,ham,ham,0.0000,yes
E5076,ham,ham,0.0000,yes
E2638,ham,spam,0.6165,no
E3371,ham,ham,0.0002,yes
E2375,ham,ham,0.0000,yes
E3591,ham,spam,0.7472,no
E2019,ham,ham,0.0677,yes
E5509,ham,ham,0.0000,yes
E244,ham,ham,0.0362,yes
E710,ham,ham,0.0000,yes
E2069,ham,ham,0.0655,yes
E4688,ham,ham,0.0000,yes
E3275,ham,ham,0.0000,yes
E295,ham,ham,0.0009,yes
E1714,ham,ham,0.0005,yes
E2426,ham,ham,0.0344,yes
E4435,ham,ham,0.0000,yes
E1760,ham,ham,0.0000,yes
E3975,ham,ham,0.1454,yes
E5421,ham,ham,0.0067,yes
E1541,ham,ham,0.2556,yes
E4796,ham,ham,0.0000,yes
E1722,ham,ham,0.0000,yes
E1808,ham,ham,0.0000,yes
E2085,ham,ham,0.0048,yes
E2168,ham,ham,0.0002,yes
E3907,spam,spam,1.0000,yes
E2821,ham,ham,0.0000,yes
E3086,ham,ham,0.0353,yes
E5269,ham,ham,0.0002,yes
E4898,spam,spam,1.0000,yes
E3199,ham,ham,0.0023,yes
E4533,ham,ham,0.0000,yes
E4642,ham,ham,0.0000,yes
E5083,ham,ham,0.0000,yes
E1090,ham,ham,0.0039,yes
E5274,ham,ham,0.0028,yes
E2594,ham,ham,0.0000,yes
E5511,ham,ham,0.0034,yes
E738,ham,ham,0.0054,yes
E3951,ham,ham,0.0000,yes
E839,spam,spam,1.0000,yes
E4849,ham,ham,0.0001,yes
E3953,ham,ham,0.0000,yes
E1392,ham,ham,0.0000,yes
E469,ham,ham,0.0000,yes
E1034,ham,ham,0.0001,yes
E2315,spam,spam,1.0000,yes
E1488,ham,ham,0.0000,yes
E84,ham,ham,0.0000,yes
E641,ham,ham,0.0616,yes
E183,ham,ham,0.0000,yes
E1701,spam,spam,1.0000,yes
E2256,ham,ham,0.0002,yes
E4258,spam,spam,0.6911,yes
E613,spam,spam,1.0000,yes
E1966,ham,ham,0.0056,yes
E4324,ham,ham,0.0000,yes
E3931,ham,ham,0.0078,yes
